pct_contacted;gain;lift
0.1;0.27450980392156865;2.750302016541214
0.2;0.47950089126559714;2.396370884481022
0.3;0.6452762923351159;2.1515994984170894
0.4;0.768270944741533;1.9197692401697408
0.5;0.8627450980392157;1.7254901960784315
